code,name
000060,中金岭南
000061,农 产 品
000301,东方盛虹
000505,京粮控股
000543,皖能电力
000561,烽火电子
000593,德龙汇能
000612,焦作万方
000630,铜陵有色
000700,模塑科技
000708,中信特钢
000821,京山轻机
000863,三湘印象
000878,云南铜业
000881,中广核技
000936,华西股份
000973,佛塑科技
000978,桂林旅游
001217,华尔泰
002078,太阳纸业
002117,东港股份
002171,楚江新材
002196,方正电机
002201,九鼎新材
002243,力合科创
002250,联化科技
002268,电科网安
002278,神开股份
002293,罗莱生活
002297,博云新材
002324,普利特
002347,泰尔股份
002363,隆基机械
002372,伟星新材
002465,海格通信
002476,宝莫股份
002493,荣盛石化
002510,天汽模
002532,天山铝业
002560,通达股份
002579,中京电子
002601,龙佰集团
002674,兴业科技
002716,湖南白银
002763,汇洁股份
002969,嘉美包装
003016,欣贺股份
600011,华能国际
600029,南方航空
600058,五矿发展
600179,安通控股
600186,莲花控股
600219,南山铝业
600230,沧州大化
600279,重庆港
600302,标准股份
600312,平高电气
600319,亚星化学
600330,天通股份
600382,广东明珠
600523,贵航股份
600596,新安股份
600710,苏美达
600721,百花医药
600736,苏州高新
600784,鲁银投资
600843,上工申贝
600858,银座股份
600927,永安期货
600955,维远股份
600965,福成股份
600989,宝丰能源
601061,中信金属
601068,中铝国际
601107,四川成渝
601108,财通证券
601111,中国国航
601212,白银有色
601226,华电科工
601229,上海银行
601233,桐昆股份
601369,陕鼓动力
601600,中国铝业
601615,明阳智能
601700,风范股份
601816,京沪高铁
601857,中国石油
601958,金钼股份
601965,中国汽研
601969,海南矿业
603017,中衡设计
603123,翠微股份
603225,新凤鸣
603269,海鸥股份
603333,尚纬股份
603359,东珠生态
603408,建霖家居
603458,勘设股份
603577,汇金通
603588,高能环境
603626,科森科技
603660,苏州科达
603680,今创集团
603809,豪能股份
603876,鼎胜新材
603885,吉祥航空
603915,国茂股份
603936,博敏电子
603993,洛阳钼业
605055,迎丰股份
605155,西大门
605599,菜百股份
688176,亚虹医药
688469,芯联集成
